{
    "name": "FOTS",
    "cuda": true,
    "gpus": [7],
    "finetune": "",
    "data_loader": {
        "_dataset":"synth800k",
        "dataset":"icdar2015",
        "_data_dir": "/data/ivpaharitonov/SynthText/SynthText/",
        "data_dir": "/data/ivpaharitonov/icdar2015/ICDAR2015/",
        "__data_dir": "/Users/ivan_kharitonov/Google Drive/End2end_text_recognition_YSDA/datasets/SynthText/SynthText/",
        "batch_size": 12,
        "shuffle": true,
        "workers": 8
    },
    "validation": {
        "validation_split": 0.1,
        "shuffle": true
    },

    "lr_scheduler_type": "ExponentialLR",
    "lr_scheduler_freq": 10000,
    "lr_scheduler": {
            "gamma": 0.94
    },

    "optimizer_type": "Adam",
    "optimizer": {
        "lr": 0.001,
        "weight_decay": 1e-5
    },
    "loss": "FOTSLoss",
    "metrics": ["fots_metric"],
    "trainer": {
        "epochs": 100000,
        "save_dir": "../saved/icdar_finetune/",
        "save_freq": 10,
        "verbosity": 2,
        "monitor": "loss",
        "monitor_mode": "min"
    },
    "arch": "FOTSModel",
    "need_grad_backbone": true,
    "need_grad_detector": true,
    "model": {
        "mode": "united",
        "_mode": "detection",
        "_mode":  "recognition",
        "keys": "alphabet_and_number",
        "crnn": {
            "img_h":8,
            "hidden": 256
        }
    }
}